117	Mr. Martin_Martin_MARTIN
93	Dr. Pangloss_Pangloss_PANGLOSS
68	Cacambo
41	Candide
32	Voltaire_VOLTAIRE
18	Paquette_PAQUETTE
12	Buenos Ayres
10	Friar Giroflée_FRIAR GIROFLÉE_Giroflée
8	Lord Pococurante_Pococurante
8	Anabaptist James_James
8	Don Issachar_Issachar
5	Pope
4	Grey Friar
4	Charles Edward
4	Iman
4	Perigordian Abbé_Abbé
4	Ivan
3	El Dorado_EL DORADO
3	Mynheer Vanderdendur_Vanderdendur
3	Henry IV_Henry
3	Baron
3	Oreillons
3	Massa Carara
3	Souza
2	Father
2	Janissaries
2	Mussulman
2	XXIII
2	Inquisition
2	Theodore
2	Jesuit
2	Robek
2	Samos
2	Don Fernando d'Ibaraa
2	Ariosto
2	Leibnitz
2	Dey
2	Miss Clairon
2	Muley-Ismael
2	Mufti
2	Milton
