674	Elinor_ELINOR
542	Marianne Dashwood_Marianne_Dashwood
292	Mr. Edward Ferrars_Edward Ferrars_Mr. Ferrars_Mr. Edward_Ferrars_Edward
272	Mrs. John Dashwood_Mrs. Dashwood_John Dashwood_John
234	Mrs. Jennings
212	Miss Lucy Steele_Miss Steele_Lucy Steele_Miss Lucy_Lucy
167	Mrs. Willoughby_Willoughby
141	Mrs. Brandon_Brandon
96	Lady Middleton_Middleton
75	Mrs. Ferrars
70	Miss Dashwood
50	Barton
39	Mrs. Palmer_Palmer
39	Mr. Willoughby
37	Mr. Palmer
35	Mr. Robert Ferrars_Mr. ROBERT Ferrars_Robert_ROBERT
34	Margaret
30	Fanny
28	Miss Steeles_Steeles
18	Mr. Henry Dashwood_Mr. Dashwood_Dashwood
17	Mrs. Smith_Smith
17	Miss Marianne
17	Middletons
15	Miss Morton
12	Combe Magna_Combe
10	Mr. Harris
9	Mr. Pratt
9	Miss Grey
9	Norland
7	Palmers
7	Nancy
7	Eliza
6	Sussex
6	Anne
6	Thomas
6	John Middleton
6	Miss Williams
5	Harry
5	Mr. Donavan_Donavan
5	Mr. Gray_Gray
5	Marianne
5	Bartlett
4	Lady Elliott_Elliott
4	Cowper
3	Willoughbys
3	Devonshire
3	Betty
3	William
3	Westons
3	Annamaria
3	Careys
3	Whitwell
3	Mr. John Dashwood
3	Mrs. Ellison
2	Edward
2	Mrs. Richardson
2	Dr. Davies
2	Miss Dashwoods
2	Miss Sparks
2	Scott
2	John Willoughby_JOHN WILLOUGHBY
2	Mr. Brandon
2	Ellisons
2	Richardsons
2	Mrs. Taylor
2	Charlotte
2	Lord Morton
2	Sophia
