439	Mr. Dorian Gray_Dorian Gray_Mr. Dorian_Mr. Gray_Dorian_Gray
227	Lord Henry Wotton_Henry Wotton_Lord Henry
146	Harry
93	Basil Hallward_Hallward_Basil
52	Alan Campbell_Campbell_Alan
46	Sibyl Vane_Sibyl
21	Lady Narborough_Narborough
18	James Vane_James
14	Jim
14	Lady Agatha_Agatha
13	Prince Charming
12	Geoffrey Clouston_Geoffrey
12	Mr. Erskine
12	Mother
10	Adrian Singleton_Adrian
10	Gladys
9	Thomas Burdon_Thomas
9	Uncle George_George
8	Juliet
8	Mr. Hubbard
8	Lord Kelso_Kelso
8	Francis
7	Shakespeare
7	Victor
6	Lady Brandon
6	Hetty Merton_Hetty
5	Duke of Berwick_Berwick_Duke
5	Lady Ruxton
5	Rosalind
5	Romeo
5	Selby
4	Lord Fermor
4	Mrs. Vane
4	Imogen
4	Margaret Devereux_Margaret_Devereux
4	Lady Henry
4	Gautier
4	Monsieur
4	Mr. Isaacs
4	Chopin
3	Henry Ashton
3	Christ
3	Mr. Chapman
3	Ophelia
3	Parker
3	Caliban
3	Madame de Ferrol_Ferrol
3	House of Commons
3	Patti
2	Mrs. Vandeleur
2	Mr. Campbell
2	Cordelia
2	Elizabeth
2	Sybil
2	Mr. Hallward
2	Mayfair
2	Lady Gwendolen
2	Church
2	Carlington
2	Parliament
2	Lady Radley
2	Mercutio
2	Mrs. Leaf
